Precision,Recall,Execution time
0.979294153869838,0.9554833743264303,18.55122184753418
